time/fps,time/iterations,time/total_timesteps,time/time_elapsed,train/policy_gradient_loss,train/clip_range,train/n_updates,train/approx_kl,train/value_loss,train/loss,train/entropy_loss,train/clip_fraction,train/explained_variance,train/learning_rate
1716,1,2048,1,,,,,,,,,,
1079,2,4096,3,-0.02301522618799936,0.2,10,0.012496354,0.1051851924858056,-0.04992041364312172,-1.7818065855652094,0.189013671875,-0.060270548,0.0003
985,3,6144,6,-0.023958641655917746,0.2,20,0.014301009,0.12552227268461139,-0.01442369818687439,-1.7624853827059268,0.145361328125,-0.02756977,0.0003
939,4,8192,8,-0.019036112837784457,0.2,30,0.010708458,0.05581214989651926,-0.00219535268843174,-1.7365938898175954,0.120751953125,0.23190504,0.0003
906,5,10240,11,-0.017003932709849325,0.2,40,0.01238519,0.055524876445997504,-0.03893826901912689,-1.6945058345794677,0.130908203125,0.3334095,0.0003
880,6,12288,13,-0.017961974606441798,0.2,50,0.010228543,0.03288955295283813,0.00621640682220459,-1.6508232522755861,0.119921875,0.60888004,0.0003
862,7,14336,16,-0.006816407322548912,0.2,60,0.00988596,0.07191612402384635,-0.0017877332866191864,-1.6224506996572017,0.0767578125,0.4806434,0.0003
854,8,16384,19,-0.012310089268430602,0.2,70,0.012878627,0.08511899197474122,0.053822118788957596,-1.6028205972164868,0.159423828125,0.57264364,0.0003
853,9,18432,21,-0.0055678509150311585,0.2,80,0.010226669,0.023725540273153455,-0.02060772106051445,-1.5809464994817972,0.066455078125,0.74795353,0.0003
861,10,20480,23,-0.011911635230353568,0.2,90,0.010638364,0.020578796959307512,-0.027816690504550934,-1.5016916215419769,0.138330078125,0.8742049,0.0003
861,11,22528,26,-0.0076830825593788175,0.2,100,0.0066933064,0.02355670169708901,0.0017161276191473007,-1.4895113434642553,0.067578125,0.8220542,0.0003
866,12,24576,28,-0.008221202352433465,0.2,110,0.0076409993,0.0037001982989750106,-0.01885147951543331,-1.4948793172836303,0.074365234375,0.816869,0.0003
870,13,26624,30,-0.003905249750823714,0.2,120,0.0072567663,0.005953073961609334,-0.0006400544662028551,-1.502560620754957,0.074853515625,0.7467724,0.0003
875,14,28672,32,-0.0055459231152781285,0.2,130,0.009398367,0.027918581113044637,-0.05101904273033142,-1.5260355435311794,0.121533203125,0.69980896,0.0003
878,15,30720,34,-0.005691351847781334,0.2,140,0.009196412,0.0018805475256158388,-0.025357618927955627,-1.5018803477287292,0.072412109375,0.33667427,0.0003
881,16,32768,37,-0.007293500745072378,0.2,150,0.012457421,0.002291858296848659,-0.014412268996238708,-1.430867648124695,0.159033203125,0.9041059,0.0003
883,17,34816,39,-0.007033182054146892,0.2,160,0.0071826833,0.00145990613241338,-0.01916741579771042,-1.448536192253232,0.106640625,0.437203,0.0003
885,18,36864,41,-0.002298950637486996,0.2,170,0.006504702,0.010522623565702816,-0.019913839176297188,-1.4205440577119588,0.06259765625,0.62239337,0.0003
887,19,38912,43,-0.006792929212679155,0.2,180,0.008310922,0.047599283991439735,0.005886714905500412,-1.4011860698461533,0.059228515625,0.88268876,0.0003
887,20,40960,46,-0.008243943165871315,0.2,190,0.01426929,0.002237398342913366,0.03483046591281891,-1.4506241470575332,0.0994140625,0.9133708,0.0003
886,21,43008,48,-0.002716775670705829,0.2,200,0.007794532,0.00039869774175258497,-0.011538301594555378,-1.4418666273355485,0.080712890625,0.7654393,0.0003
886,22,45056,50,-0.005611348847014597,0.2,210,0.013259147,0.0007418415818847279,-0.021824661642313004,-1.389492692425847,0.107080078125,0.849505,0.0003
887,23,47104,53,-0.005400922901753802,0.2,220,0.009916049,0.00040040933820364446,0.024952923879027367,-1.4378227453678847,0.0861328125,0.9456403,0.0003
883,24,49152,55,-0.0031907189710182137,0.2,230,0.008012913,0.00037540636994890517,-0.02725057303905487,-1.4194421552121639,0.0451171875,0.91003335,0.0003
882,25,51200,57,-0.006870865326345665,0.2,240,0.0070853587,0.0021690186076739337,-0.043102607131004333,-1.383142700791359,0.078857421875,0.8704246,0.0003
878,26,53248,60,-0.007496651928522624,0.2,250,0.012084402,0.00033159247808498547,-0.05972287803888321,-1.3950807217508554,0.13916015625,0.8132708,0.0003
880,27,55296,62,-0.005420358929404756,0.2,260,0.011271956,0.0011626391597928886,-0.03823908790946007,-1.4293246421962977,0.112841796875,0.85645086,0.0003
881,28,57344,65,-0.007813918998726877,0.2,270,0.021713708,0.001132884675052992,-0.009232875891029835,-1.4456779714673758,0.150830078125,0.9026691,0.0003
882,29,59392,67,-0.003920315324648982,0.2,280,0.010938201,0.0011565253523258435,-0.018151096999645233,-1.3870176903903484,0.089306640625,0.89922583,0.0003
883,30,61440,69,-0.007212913005787414,0.2,290,0.010963611,0.000566743615240739,-0.016398530453443527,-1.3729026272892952,0.088671875,0.7576884,0.0003
878,31,63488,72,-0.004586367990123108,0.2,300,0.007735491,0.010599210888813104,-0.002940000267699361,-1.3889754716306926,0.062060546875,0.6055,0.0003
875,32,65536,74,-0.004208085940626915,0.2,310,0.0078071994,0.0122396474596826,-0.018886500969529152,-1.3390835009515285,0.0814453125,0.91279805,0.0003
873,33,67584,77,-0.008139781301724724,0.2,320,0.01661015,0.00261082548122431,-0.03481500968337059,-1.432469518110156,0.117529296875,0.8630079,0.0003
869,34,69632,80,-0.007195352073176764,0.2,330,0.010838086,0.01822696431008808,0.0020375680178403854,-1.4357903588563203,0.119775390625,0.91537905,0.0003
871,35,71680,82,-0.004002703178412048,0.2,340,0.0107045565,0.004192787516876706,-0.02318938449025154,-1.421686176583171,0.0828125,0.8939725,0.0003
872,36,73728,84,-0.0040566536801634355,0.2,350,0.017999649,0.0006607341609196737,-0.043551474809646606,-1.4274518776685,0.114794921875,0.58322656,0.0003
874,37,75776,86,-0.006282945079510683,0.2,360,0.008922903,0.00993121236206207,-0.02908363938331604,-1.4046868447214365,0.07041015625,0.93170595,0.0003
875,38,77824,88,-0.009930789886129786,0.2,370,0.020133153,0.0018103139156664839,0.04143248125910759,-1.413978521153331,0.18544921875,0.6971636,0.0003
876,39,79872,91,-0.008406109124189242,0.2,380,0.011108233,0.001239266435868558,-0.005077023524791002,-1.414600258693099,0.121826171875,0.5264138,0.0003
878,40,81920,93,-0.005847873639140744,0.2,390,0.0074154288,0.012298128411202924,-0.014661014080047607,-1.269100658968091,0.0701171875,0.8788352,0.0003
879,41,83968,95,-0.00239470965534565,0.2,400,0.00932252,0.022273256627340744,-0.006770242005586624,-1.2681644033640622,0.06669921875,0.8042159,0.0003
880,42,86016,97,-0.006346069269056898,0.2,410,0.012023182,0.000411638094033151,0.06225758418440819,-1.2377576358616351,0.135888671875,0.3306589,0.0003
880,43,88064,100,-0.007823540945537388,0.2,420,0.008501047,0.0012779217581737612,-0.01961633376777172,-1.267280474305153,0.089453125,0.88927627,0.0003
881,44,90112,102,-0.006604588725895155,0.2,430,0.008745555,0.00011054885972043849,-0.026782039552927017,-1.1542384047061205,0.08046875,0.75627553,0.0003
882,45,92160,104,-0.0052508579872665,0.2,440,0.009520978,0.0003943830633261314,-0.03639453649520874,-1.1562420140951872,0.121728515625,0.7546065,0.0003
883,46,94208,106,-0.004176669570733793,0.2,450,0.009583985,0.0005753464556164545,-0.013151208870112896,-1.1246345967054368,0.076318359375,0.7985317,0.0003
884,47,96256,108,-0.010057725179649424,0.2,460,0.013762496,0.0006156199114229821,0.012302238494157791,-1.1787084303796291,0.201416015625,0.88996994,0.0003
885,48,98304,110,-0.004088654214865528,0.2,470,0.012655821,0.03098940664276597,0.005021171644330025,-1.1526548389345408,0.1064453125,0.6725995,0.0003
885,49,100352,113,-0.00231294688055641,0.2,480,0.0056250603,0.000757621451975865,-0.011270631104707718,-1.166787127777934,0.059375,0.8996501,0.0003
886,50,102400,115,-0.010020491036266321,0.2,490,0.008039439,0.012725222901553934,-0.02647877112030983,-1.2099788293242455,0.1044921875,0.9044918,0.0003
886,51,104448,117,-0.005878004898841027,0.2,500,0.010326343,0.0004921798931036391,-0.038861580193042755,-1.1066431287676095,0.14560546875,0.854698,0.0003
884,52,106496,120,-0.008738658423681045,0.2,510,0.013088014,0.00037450536760843536,-0.03574378788471222,-1.1637550856918097,0.126806640625,0.92362946,0.0003
885,53,108544,122,-0.004183932748856023,0.2,520,0.017592162,0.006509891994301143,-0.015486828982830048,-1.1920613266527653,0.13427734375,0.89644665,0.0003
886,54,110592,124,-0.006465124789974653,0.2,530,0.019565675,0.007124914428459306,-0.046091433614492416,-1.1570223789662122,0.15283203125,0.76618123,0.0003
885,55,112640,127,-0.005256373292286298,0.2,540,0.012295879,0.01507505173140089,-0.009046684950590134,-1.1843927200883626,0.106591796875,0.94627553,0.0003
886,56,114688,129,-0.0025489835476037114,0.2,550,0.017042067,0.013779042530222796,-0.00306779146194458,-1.1479769244790077,0.096826171875,0.9091786,0.0003
887,57,116736,131,-0.0061645852480069156,0.2,560,0.010730816,0.01008263499415989,-0.00883462280035019,-1.171807862073183,0.110302734375,0.9418985,0.0003
887,58,118784,133,-0.019461626163683833,0.2,570,0.030727983,0.0006351278080273914,-0.08254357427358627,-1.1972204964607953,0.17392578125,0.95828885,0.0003
887,59,120832,136,-0.007966298923565773,0.2,580,0.008865498,0.06387413140037097,-0.013116903603076935,-1.3287383448332548,0.097314453125,0.7869093,0.0003
888,60,122880,138,-0.013465145800728351,0.2,590,0.009963776,0.023688026407035066,-0.008129876106977463,-1.204194949939847,0.135107421875,0.46270984,0.0003
888,61,124928,140,-0.005980193031427916,0.2,600,0.009269622,0.013613798928417964,-0.019855601713061333,-1.2469632294028998,0.09677734375,0.44998068,0.0003
889,62,126976,142,-0.005326935409539146,0.2,610,0.008205846,0.06242290121736005,0.03426801785826683,-1.2917738530784846,0.08740234375,0.44041604,0.0003
890,63,129024,144,-0.008956272569048452,0.2,620,0.010776475,0.02416669937847473,0.0032015927135944366,-1.2596557833254338,0.105859375,0.6950754,0.0003
890,64,131072,147,-0.004627304815585376,0.2,630,0.008874031,0.023774900528223952,-0.03390507400035858,-1.2241662286221981,0.086962890625,0.66541684,0.0003
890,65,133120,149,-0.005797005451313453,0.2,640,0.009028044,0.0012992025599487533,-0.02378693036735058,-1.1612792123109101,0.10234375,0.8963704,0.0003
891,66,135168,151,-0.0070745383854955435,0.2,650,0.012502309,0.018990835952718044,0.00982884131371975,-1.1763159766793252,0.087890625,0.7125914,0.0003
892,67,137216,153,-0.008622432957781711,0.2,660,0.01313172,0.0748175274929963,0.011483801528811455,-1.2302698172628879,0.104150390625,0.60474837,0.0003
892,68,139264,156,-0.012986833055038005,0.2,670,0.017569058,0.04508074658951955,0.01944829896092415,-1.3243324164301158,0.2001953125,0.79886305,0.0003
892,69,141312,158,-0.005845134204719216,0.2,680,0.007265952,0.06394091797701548,0.014950625598430634,-1.0794528296217323,0.09208984375,0.718851,0.0003
893,70,143360,160,-0.004407078375515993,0.2,690,0.01309405,0.059255556220887226,0.023653440177440643,-1.240968856588006,0.1541015625,0.86916983,0.0003
892,71,145408,162,-0.008703066469752229,0.2,700,0.014543973,0.045437109968042934,0.0071535175666213036,-1.283077872917056,0.12138671875,0.8246348,0.0003
892,72,147456,165,-0.005640067278000061,0.2,710,0.0111049265,0.050857032870408145,0.009959982708096504,-1.2996727295219899,0.131689453125,0.8756676,0.0003
891,73,149504,167,-0.009107366800890304,0.2,720,0.012342348,0.024458008202782367,-0.013929715380072594,-1.2990069549530745,0.147265625,0.90058446,0.0003
892,74,151552,169,-0.006607229308428941,0.2,730,0.010408502,0.02129990126413759,-0.010322858579456806,-1.240260149538517,0.134423828125,0.9510461,0.0003
892,75,153600,172,-0.009146760912335595,0.2,740,0.012471503,0.032421104472814474,-0.014099926687777042,-1.1731584072113037,0.097705078125,0.8985904,0.0003
892,76,155648,174,-0.006384405351127498,0.2,750,0.012780468,0.05461287062789779,-0.0042534805834293365,-1.2709971580654382,0.10263671875,0.8736014,0.0003
892,77,157696,176,-0.005494764502509497,0.2,760,0.011333901,0.0345882373090717,-0.0031120991334319115,-1.2119672130793333,0.13818359375,0.94012433,0.0003
892,78,159744,178,-0.0066510302531241905,0.2,770,0.011685653,0.03887816600472434,-0.026314958930015564,-1.2736091446131468,0.1478515625,0.89455783,0.0003
887,79,161792,182,-0.003972261388844345,0.2,780,0.013381915,0.017589840457367244,-0.05272660031914711,-1.1223101561889053,0.11298828125,0.71924233,0.0003
887,80,163840,184,-0.0069659729007980785,0.2,790,0.010730551,0.06761479675478768,0.015135034918785095,-1.1075783303007483,0.117919921875,0.84505725,0.0003
886,81,165888,187,-0.0017727454454870895,0.2,800,0.009321524,0.05217638785252347,0.007625117897987366,-1.250517974793911,0.167724609375,0.82839954,0.0003
886,82,167936,189,-0.00336840961172129,0.2,810,0.010647025,0.018196843105761216,-0.022610075771808624,-1.3220940556377172,0.153271484375,0.8948176,0.0003
886,83,169984,191,-0.004370180015393998,0.2,820,0.014172192,0.018822393687150905,-0.011854897253215313,-1.1803996179252862,0.14443359375,0.94576395,0.0003
885,84,172032,194,-0.009442276597837918,0.2,830,0.015338068,0.06339859482250176,0.005436664447188377,-1.2520955108106135,0.1875,0.89970493,0.0003
885,85,174080,196,-0.005895384189352626,0.2,840,0.01181454,0.03193877445155522,-0.01784827932715416,-1.1844233553856611,0.132177734375,0.95327884,0.0003
884,86,176128,199,-0.002602299640420824,0.2,850,0.013344057,0.02337473216903163,-0.025718264281749725,-1.2373517811298371,0.126171875,0.93199575,0.0003
884,87,178176,201,-0.009088265738682821,0.2,860,0.0118446965,0.028553194148116745,-0.013597550801932812,-1.1830547478049993,0.139111328125,0.8979366,0.0003
884,88,180224,203,-0.007780587457818911,0.2,870,0.011954451,0.03181071394647006,-0.0137632442638278,-1.2896942116320134,0.12939453125,0.90859735,0.0003
885,89,182272,205,-0.00834295163222123,0.2,880,0.0110284425,0.07380372820189222,-0.008165208622813225,-1.2755847789347172,0.111572265625,0.89319676,0.0003
884,90,184320,208,-0.012265295287943446,0.2,890,0.012939549,0.08353047756827436,0.05740687623620033,-1.2962187670171261,0.17578125,0.88329136,0.0003
884,91,186368,210,-0.003912123314512428,0.2,900,0.013880608,0.03038670750975143,0.001430785283446312,-1.2808762170374393,0.12216796875,0.9162841,0.0003
885,92,188416,212,-0.006936837577086408,0.2,910,0.011605654,0.04572310246876441,0.014480683952569962,-1.1520122110843658,0.138916015625,0.9145967,0.0003
883,93,190464,215,-0.01205500148498686,0.2,920,0.014518155,0.11613755993894301,0.05713093280792236,-1.2502741519361735,0.197802734375,0.83270067,0.0003
883,94,192512,217,-0.006614745478145778,0.2,930,0.016437402,0.03388475195970386,-0.02286846563220024,-1.1349884875118732,0.20166015625,0.9379503,0.0003
884,95,194560,220,-0.013629219548602124,0.2,940,0.01547019,0.05482228845066857,-0.004666394554078579,-1.1639770772308111,0.1419921875,0.9316586,0.0003
884,96,196608,222,-0.02368323593691457,0.2,950,0.02568492,0.057878036738839,-0.027084480971097946,-1.1886875074356795,0.203564453125,0.9105251,0.0003
884,97,198656,224,-0.007197775903478032,0.2,960,0.012598036,0.0513977360620629,0.011567625217139721,-1.1240090817213058,0.1275390625,0.930935,0.0003
884,98,200704,226,-0.009867337089963258,0.2,970,0.016670099,0.06287590910797007,0.019569359719753265,-1.1175720814615488,0.162744140625,0.91999286,0.0003
883,99,202752,229,-0.006564335846633185,0.2,980,0.015637264,0.03941088356368709,-0.01618638075888157,-1.027151815406978,0.1083984375,0.9313583,0.0003
882,100,204800,232,-0.010668096938752569,0.2,990,0.019347906,0.03711386320937891,-0.02144996076822281,-1.0642266068607569,0.201220703125,0.93923485,0.0003
881,101,206848,234,-0.006737092524417676,0.2,1000,0.021816,0.06931906873360276,0.061905212700366974,-1.1230067856609822,0.16943359375,0.901882,0.0003
881,102,208896,237,-0.013795687176752836,0.2,1010,0.014257615,0.06019526436575688,-0.0223392266780138,-1.0040941104292869,0.14453125,0.9318229,0.0003
879,103,210944,239,-0.005662953370483592,0.2,1020,0.02267795,0.05532259183382848,-0.020020509138703346,-1.0070247570052744,0.111669921875,0.906502,0.0003
878,104,212992,242,-0.012339250561490189,0.2,1030,0.018557385,0.061388607474509624,0.03193990886211395,-0.9470225209370255,0.175341796875,0.9365056,0.0003
877,105,215040,244,-0.0048039197747129945,0.2,1040,0.014901848,0.06400283778784796,-0.043432220816612244,-1.1217329828068614,0.138525390625,0.90763414,0.0003
877,106,217088,247,-0.006023702384845819,0.2,1050,0.015785115,0.1095235094311647,0.07179735600948334,-0.8925169695168733,0.1130859375,0.8544849,0.0003
876,107,219136,249,-0.008049230538017583,0.2,1060,0.014452609,0.13578146285144613,0.03689569607377052,-0.8611510870978236,0.14443359375,0.84642166,0.0003
877,108,221184,252,-0.01304211743263295,0.2,1070,0.014382438,0.08511935573769733,0.008687738329172134,-1.0317932639271021,0.161083984375,0.8044256,0.0003
876,109,223232,254,-0.008013206903706304,0.2,1080,0.011983292,0.11815332116093487,0.05421099439263344,-0.792712789401412,0.144580078125,0.8352957,0.0003
875,110,225280,257,-0.007466338413360063,0.2,1090,0.016413093,0.13325598858064042,0.03202153369784355,-0.8868484687060117,0.13896484375,0.80932975,0.0003
876,111,227328,259,-0.004129878430831013,0.2,1100,0.0123629505,0.08711549208383076,0.11415603011846542,-0.8857143595814705,0.114404296875,0.74349034,0.0003
876,112,229376,261,-0.011280027584871278,0.2,1110,0.013643021,0.1295622800476849,0.07280242443084717,-0.9843447770923376,0.163037109375,0.7958841,0.0003
875,113,231424,264,-0.007193291091243737,0.2,1120,0.012645941,0.16138745571952312,0.03382400423288345,-1.0011334594339132,0.13994140625,0.7435487,0.0003
875,114,233472,266,-0.011466879716317635,0.2,1130,0.019104905,0.1342889233259484,-0.01186487078666687,-0.9441952291876078,0.14130859375,0.81169415,0.0003
876,115,235520,268,-0.00772125793446321,0.2,1140,0.015831972,0.1840514791198075,0.07034530490636826,-0.9099062761291862,0.14580078125,0.7898252,0.0003
876,116,237568,271,-0.007297406022553332,0.2,1150,0.012059109,0.14268500595353545,0.04830395057797432,-1.0638527499511838,0.134716796875,0.8590076,0.0003
876,117,239616,273,-0.014900025173847097,0.2,1160,0.015385224,0.22950411788187922,0.11082549393177032,-0.9155652606859803,0.139013671875,0.56228423,0.0003
876,118,241664,275,-0.00781341621041065,0.2,1170,0.014665881,0.15467880347277968,0.07837104052305222,-0.8696525013074279,0.14248046875,0.6203408,0.0003
876,119,243712,278,-0.009614478550793138,0.2,1180,0.009384157,0.1291637126239948,-0.010770395398139954,-0.9884716216474771,0.127490234375,0.7564717,0.0003
876,120,245760,280,-0.0026171253353822975,0.2,1190,0.012915285,0.11483264933340251,0.04084281623363495,-0.8504476176574827,0.14189453125,0.74073,0.0003
876,121,247808,282,-0.0075535091484198345,0.2,1200,0.014481425,0.16395370888058097,0.09026966989040375,-0.8296894989907742,0.1466796875,0.6408203,0.0003
876,122,249856,285,-0.009216672684124206,0.2,1210,0.013217837,0.16080052056349814,0.03801519796252251,-0.8895581362769007,0.160302734375,0.7135912,0.0003
876,123,251904,287,-0.013199972480651922,0.2,1220,0.016523553,0.15617048454005272,0.055188391357660294,-0.8662726514041423,0.18056640625,0.7036764,0.0003
876,124,253952,289,-0.009684022750298027,0.2,1230,0.02201286,0.11853906400501728,0.06667300313711166,-0.8119940375909209,0.172607421875,0.7119062,0.0003
876,125,256000,292,-0.011214602920517791,0.2,1240,0.026786447,0.08553316823672504,-0.019900444895029068,-0.7254406655207276,0.16689453125,0.66904575,0.0003
876,126,258048,294,-0.015548815511283464,0.2,1250,0.068587154,0.13712926683947443,0.06047773361206055,-0.7569506015628577,0.261083984375,0.6189201,0.0003
875,127,260096,296,-0.006075606515514665,0.2,1260,0.02461494,0.13712890865281224,0.1199885755777359,-0.7595647413283586,0.17099609375,0.5810326,0.0003
876,128,262144,299,-0.024271511957340407,0.2,1270,0.020910926,0.19725646402221172,0.04860955849289894,-0.8376921704038978,0.197998046875,0.6122159,0.0003
876,129,264192,301,-0.01250183739757631,0.2,1280,0.02452105,0.07938609834527596,-0.006041474640369415,-0.6386428883299231,0.141064453125,0.7068136,0.0003
876,130,266240,303,-0.011053604540938977,0.2,1290,0.048031546,0.25243942557135596,0.08376753330230713,-0.6382015795446933,0.17890625,0.3989148,0.0003
876,131,268288,306,-0.0038474500324809924,0.2,1300,0.012921931,0.07860870781587437,0.055303532630205154,-0.6010942690074443,0.124462890625,-0.009520769,0.0003
876,132,270336,308,-0.008409548585768789,0.2,1310,0.015215995,0.0966418254072778,0.04707571491599083,-0.6676416734233499,0.151171875,0.65646243,0.0003
877,133,272384,310,-0.006982199051708449,0.2,1320,0.015347933,0.09068517176783644,0.012735709547996521,-0.6168358068913221,0.155126953125,0.6994864,0.0003
877,134,274432,312,-0.007566261343890801,0.2,1330,0.011397047,0.06417700927122497,0.048911917954683304,-0.5851574056781829,0.131982421875,0.69692,0.0003
877,135,276480,315,-0.011713924659125042,0.2,1340,0.016430767,0.08888674860354513,0.003564402461051941,-0.6214540746062994,0.1578125,0.69988614,0.0003
877,136,278528,317,-0.011055651072820184,0.2,1350,0.027319409,0.06350694230641238,-0.018911059945821762,-0.5487625209614635,0.160595703125,0.68101275,0.0003
877,137,280576,319,-0.002307779059628956,0.2,1360,0.009351342,0.03442751453258097,0.026190564036369324,-0.5248002312146127,0.1087890625,0.7907661,0.0003
877,138,282624,322,-0.01183395691041369,0.2,1370,0.015230628,0.0262044700270053,0.043995440006256104,-0.5081981622613967,0.14130859375,0.817261,0.0003
877,139,284672,324,-0.003561742159399728,0.2,1380,0.011137912,0.02425448368303478,-0.002096729353070259,-0.37922382783144715,0.094189453125,0.72953,0.0003
877,140,286720,326,-0.011628228150948416,0.2,1390,0.013988616,0.025108230937621556,-0.015953876078128815,-0.4545526717789471,0.123388671875,0.77046174,0.0003
878,141,288768,328,-0.0038685557592543773,0.2,1400,0.017561294,0.02534340875718044,0.004710413049906492,-0.3958336662501097,0.114013671875,0.7851795,0.0003
878,142,290816,331,-0.009847663648542948,0.2,1410,0.01965127,0.041436632123077285,-0.0020762160420417786,-0.40911022908985617,0.13994140625,0.77433854,0.0003
877,143,292864,333,-0.004228454486292321,0.2,1420,0.016389426,0.015332762825710233,0.0026678601279854774,-0.3787393746897578,0.115478515625,0.7383667,0.0003
877,144,294912,336,-0.010127803733485052,0.2,1430,0.020704595,0.011627923075866419,-0.013114101253449917,-0.34985300889238713,0.1359375,0.85781896,0.0003
876,145,296960,338,-0.0007610809123434592,0.2,1440,0.023514291,0.04001292083412409,0.002970900386571884,-0.33817341960966585,0.108544921875,0.7417217,0.0003
876,146,299008,341,-0.003581779838714283,0.2,1450,0.020747066,0.04178681651246734,-0.006990846246480942,-0.30591434240341187,0.100634765625,0.7578806,0.0003
876,147,301056,343,0.026647524107829668,0.2,1460,0.040565558,0.04354169772414025,0.008063189685344696,-0.3440462040249258,0.16728515625,0.86509943,0.0003
876,148,303104,345,0.0024309474581968972,0.2,1470,0.023089504,0.03413890857627848,-0.04207177460193634,-0.3076194332912564,0.134326171875,0.14895976,0.0003
876,149,305152,348,-0.019665795218315907,0.2,1480,0.060640525,0.024518595758127048,0.010004598647356033,-0.34297699127346276,0.20185546875,0.6728753,0.0003
876,150,307200,350,0.00722971367649734,0.2,1490,0.055981074,0.030462710495339707,-0.05045891925692558,-0.3643501949030906,0.1865234375,0.6238618,0.0003
876,151,309248,352,-0.007957399170118151,0.2,1500,0.04536894,0.04010471227520611,-0.02921774424612522,-0.35904189590364693,0.183642578125,0.46112883,0.0003
876,152,311296,355,-0.01040124114806531,0.2,1510,0.047737367,0.03670925457263365,-0.029240921139717102,-0.3465462889522314,0.196044921875,0.6066216,0.0003
876,153,313344,357,-0.00347379213271779,0.2,1520,0.0304651,0.008912757244252134,0.036037322133779526,-0.2817628872115165,0.117333984375,0.80129707,0.0003
876,154,315392,359,-0.013188572535000276,0.2,1530,0.022866353,0.012699932811665348,-0.022808443754911423,-0.27607717681676147,0.116650390625,0.7323467,0.0003
876,155,317440,362,0.007384586585976649,0.2,1540,0.017183378,0.007505198610306252,0.03690671548247337,-0.2124781478662044,0.067578125,0.8484052,0.0003
876,156,319488,364,-0.007413576984254178,0.2,1550,0.025499748,0.011203170513908844,0.009090917184948921,-0.2035340976435691,0.084912109375,0.82076216,0.0003
877,157,321536,366,-0.03574107096646913,0.2,1560,0.034665763,0.011418678516201907,-0.037730444222688675,-0.2315105869434774,0.136376953125,0.6986578,0.0003
877,158,323584,368,-0.0033997704143985175,0.2,1570,0.026652522,0.007139024754724233,0.015525885857641697,-0.21871331250295042,0.10224609375,0.8543038,0.0003
877,159,325632,371,-0.018014601049071644,0.2,1580,0.073951855,0.006956430464197183,-0.006220017559826374,-0.19647160200402142,0.1544921875,0.8675806,0.0003
877,160,327680,373,-0.019237883668392897,0.2,1590,0.027978789,0.02340216919692466,-0.02668536640703678,-0.19501305758021772,0.110205078125,0.6692014,0.0003
878,161,329728,375,-0.0074376093311002475,0.2,1600,0.026754145,0.01976479206496151,-0.031101563945412636,-0.22789636589586734,0.14384765625,0.6451217,0.0003
878,162,331776,377,-0.005848224327201024,0.2,1610,0.07613452,0.00639011312960065,-0.032843925058841705,-0.18585646324791014,0.158447265625,0.82851076,0.0003
878,163,333824,380,-0.019975376308138948,0.2,1620,0.025116755,0.01848219282073842,-0.0173812173306942,-0.16140988939441742,0.1056640625,0.73794246,0.0003
878,164,335872,382,0.02556786343047861,0.2,1630,0.0968279,0.004151812143754796,-0.028878888115286827,-0.24190997947007417,0.183935546875,0.72732955,0.0003
878,165,337920,384,-0.04589901301224018,0.2,1640,0.053556807,0.022559375976561567,-0.044226378202438354,-0.41840206952765585,0.314892578125,0.45584416,0.0003
879,166,339968,386,-0.023678112296329344,0.2,1650,0.058916368,0.02646676881413441,-0.03410491719841957,-0.35142124742269515,0.26435546875,0.4809941,0.0003
879,167,342016,388,-0.032478335345513185,0.2,1660,0.052219454,0.013363740059139673,-0.043867334723472595,-0.38940530652180316,0.30615234375,0.7890618,0.0003
879,168,344064,391,-0.029847848923236598,0.2,1670,0.07740661,0.006158734393829945,-0.05764089897274971,-0.30946316653862593,0.319677734375,0.85230166,0.0003
879,169,346112,393,-0.013212783521157689,0.2,1680,0.028279,0.020721748052164913,0.01968667097389698,-0.30139993550255895,0.21630859375,0.5395779,0.0003
880,170,348160,395,-0.02362534457060974,0.2,1690,0.07685913,0.006767606015637284,-0.04067440330982208,-0.2282179368659854,0.183642578125,0.83721745,0.0003
880,171,350208,397,-0.07073158209095709,0.2,1700,0.08926474,0.02293643139710184,-0.06148073449730873,-0.29340337063185873,0.346337890625,0.46936798,0.0003
880,172,352256,400,-0.033517906926863364,0.2,1710,0.026542544,0.154732247145148,0.06971630454063416,-0.1639850259758532,0.10205078125,0.37395835,0.0003
880,173,354304,402,0.0109190110466443,0.2,1720,0.15431522,0.008064579834899633,-0.04331151396036148,-0.32563408494461327,0.2765625,-0.26632106,0.0003
880,174,356352,404,-0.06210456860717386,0.2,1730,0.053848654,0.42121842220658434,0.08788493275642395,-0.5772809527814389,0.299462890625,0.1620264,0.0003
880,175,358400,407,-0.00712234276579693,0.2,1740,0.05516176,0.13150243195705116,-0.0012069791555404663,-0.5480717943049968,0.283251953125,-0.32570994,0.0003
880,176,360448,409,-0.028564348109648564,0.2,1750,0.061434027,0.078528527461458,-0.006784174591302872,-0.36672072154469787,0.29921875,0.54888976,0.0003
880,177,362496,411,-0.01427651670674095,0.2,1760,0.060026392,0.024699671793496237,0.019142957404255867,-0.3142802469898015,0.194677734375,0.67162704,0.0003
880,178,364544,414,-0.013258090722956695,0.2,1770,0.05797547,0.010514265407982748,-0.03352929651737213,-0.29277335088700057,0.17353515625,0.772307,0.0003
880,179,366592,416,-0.01493059884669492,0.2,1780,0.048247516,0.010962787142489105,-0.028486398980021477,-0.2683053069282323,0.182177734375,0.8023768,0.0003
880,180,368640,418,-0.019733709533466027,0.2,1790,0.05717467,0.006638111855863826,-0.028685592114925385,-0.22031446644105018,0.165087890625,0.8612412,0.0003
880,181,370688,421,-0.012753625558980275,0.2,1800,0.07728668,0.014652700399165042,-0.008818153291940689,-0.21676254291087388,0.16171875,0.58359456,0.0003
880,182,372736,423,0.007086333457846194,0.2,1810,0.09360637,0.0023725685108729523,-0.05780947208404541,-0.2762714178767055,0.231494140625,0.9281844,0.0003
880,183,374784,425,-0.03650533707696013,0.2,1820,0.119880095,0.10536704161204398,-0.03909805044531822,-0.4604570183902979,0.401416015625,0.29164243,0.0003
880,184,376832,427,-0.027062952602864242,0.2,1830,0.03805627,0.034575849922839554,-0.02925070747733116,-0.3393669974990189,0.29287109375,0.3076973,0.0003
881,185,378880,429,-0.028042099613230675,0.2,1840,0.048619784,0.016497993952361865,-0.002988266758620739,-0.284764469275251,0.22998046875,0.77758914,0.0003
881,186,380928,432,-0.03268817611387931,0.2,1850,0.15131302,0.0038236633539781907,-0.02594619058072567,-0.27708220700733366,0.28037109375,0.92324424,0.0003
881,187,382976,434,-0.04547984015080146,0.2,1860,0.0806184,0.027309822113602424,-0.035786330699920654,-0.37604802940040827,0.345263671875,0.42795074,0.0003
881,188,385024,436,-0.027301767416065558,0.2,1870,0.06408964,0.02417852135549765,-0.05592890456318855,-0.2949670244008303,0.21142578125,0.58839,0.0003
881,189,387072,439,0.006638190633384511,0.2,1880,0.18857846,0.004932560577435652,-0.04834432527422905,-0.29697535862214863,0.293212890625,0.8562939,0.0003
881,190,389120,441,0.00648597490217071,0.2,1890,0.08357598,0.02089298815408256,-0.017890024930238724,-0.38998301594983786,0.224365234375,0.10869861,0.0003
881,191,391168,443,-0.06059060466068331,0.2,1900,0.07064169,0.058819940150715413,0.018443066626787186,-0.4954375478439033,0.47255859375,0.1837244,0.0003
881,192,393216,446,-0.019294107251334937,0.2,1910,0.06449507,0.043141792970709504,-0.05772466957569122,-0.3737453294917941,0.26923828125,0.5318225,0.0003
881,193,395264,448,-0.0030949624378990848,0.2,1920,0.044525594,0.008880013339512516,-0.043942052870988846,-0.2739871303085238,0.197607421875,0.73696244,0.0003
881,194,397312,450,-0.0188962441025069,0.2,1930,0.054412093,0.011258861700480339,-0.03258977085351944,-0.26630211123265324,0.2037109375,0.7828999,0.0003
881,195,399360,452,-0.02758258921239758,0.2,1940,0.055858925,0.004993555810142425,-0.03802419453859329,-0.2193320429418236,0.16865234375,0.8806615,0.0003
881,196,401408,455,-0.027130380208836867,0.2,1950,0.037433416,0.019960471178637817,-0.0009557502344250679,-0.21479515952523798,0.19873046875,0.73174953,0.0003
882,197,403456,457,-0.027580198377836495,0.2,1960,0.04831729,0.005993994736672903,-0.035374678671360016,-0.20273033604025842,0.215673828125,0.8358674,0.0003
881,198,405504,459,-0.01009523533139145,0.2,1970,0.11427195,0.01096068710758118,-0.032802194356918335,-0.23929439592175186,0.257666015625,0.753813,0.0003
881,199,407552,462,-0.004526558706129435,0.2,1980,0.047968302,0.005993122569816478,-0.02823462337255478,-0.17526479000225664,0.133056640625,0.8758822,0.0003
881,200,409600,464,-0.020567231897439343,0.2,1990,0.050615057,0.003102381203279947,-0.08242521435022354,-0.29610853116028013,0.244189453125,0.89983654,0.0003
882,201,411648,466,-0.013104434672277421,0.2,2000,0.034475893,0.023682121708407066,0.022987132892012596,-0.4987672449089587,0.276025390625,0.3961807,0.0003
882,202,413696,468,-0.02114678892394295,0.2,2010,0.038790762,0.04059160359320231,-0.014196816831827164,-0.3834741534665227,0.217236328125,0.66945463,0.0003
881,203,415744,471,-0.02427510260604322,0.2,2020,0.0701457,0.025166775254183447,0.028966067358851433,-0.3297815590631217,0.2318359375,0.67980254,0.0003
881,204,417792,473,-0.02114473528927192,0.2,2030,0.08375466,0.008760030716075562,-0.07736559957265854,-0.2927829052321613,0.279931640625,0.7767603,0.0003
881,205,419840,476,-0.02820157348178327,0.2,2040,0.06724924,0.016085312230279668,-0.02114199474453926,-0.3565981878899038,0.280712890625,0.6555499,0.0003
882,206,421888,478,-0.025372057464846876,0.2,2050,0.14041965,0.016016466334986035,-0.029699571430683136,-0.2482083505485207,0.2314453125,0.7990414,0.0003
882,207,423936,480,-0.013747916405554861,0.2,2060,0.07059563,0.0116538894821133,-0.04759818688035011,-0.25263731530867517,0.2359375,0.8004298,0.0003
882,208,425984,482,-0.01758404682332184,0.2,2070,0.100923255,0.018711444339714944,-0.05628897249698639,-0.3283831026405096,0.250634765625,0.48892748,0.0003
882,209,428032,484,-0.013848582591162995,0.2,2080,0.036169514,0.013826964603504166,-0.014114564284682274,-0.27164233098737894,0.179833984375,0.8037206,0.0003
882,210,430080,487,-0.021740677604248047,0.2,2090,0.09379048,0.010060160391731188,-0.06436236202716827,-0.2633146933512762,0.281640625,0.8372292,0.0003
882,211,432128,489,-0.016038809904421213,0.2,2100,0.06126104,0.012372049569967203,-0.020609457045793533,-0.3396871461998671,0.251611328125,0.70918524,0.0003
883,212,434176,491,0.027807412238325925,0.2,2110,0.1298967,0.028879840590525417,-0.08447010070085526,-0.3908332144841552,0.273486328125,0.49765503,0.0003
883,213,436224,493,-0.008425467161578127,0.2,2120,0.044872273,0.006827660369162913,-0.02585388347506523,-0.278520422289148,0.198046875,0.84273666,0.0003
883,214,438272,496,-0.026718889537733048,0.2,2130,0.04926377,0.011210314932395705,-0.08038926124572754,-0.2899281721562147,0.249169921875,0.7867535,0.0003
883,215,440320,498,-0.03796249290462583,0.2,2140,0.068167254,0.01335710835410282,-0.04303189367055893,-0.28599494472146036,0.268017578125,0.8205389,0.0003
883,216,442368,500,-0.04183308276406024,0.2,2150,0.10482897,0.006668364594224841,-0.04559217020869255,-0.28006624153349546,0.310791015625,0.85232425,0.0003
883,217,444416,502,-0.04398108994355425,0.2,2160,0.058710948,0.11735451761633157,-0.04088456183671951,-0.33539261198602616,0.319287109375,0.33643228,0.0003
884,218,446464,504,-0.031240029784385115,0.2,2170,0.07296873,0.045195923774736003,-0.015510864555835724,-0.3044562358874828,0.285400390625,0.2530086,0.0003
884,219,448512,507,-0.030017076834337787,0.2,2180,0.05873309,0.03383227538433857,-0.025731045752763748,-0.3599261791910976,0.274951171875,0.6580354,0.0003
884,220,450560,509,-0.031858402745274364,0.2,2190,0.06621927,0.027748564790817908,-0.04476555436849594,-0.35432916805148124,0.27412109375,0.75441784,0.0003
884,221,452608,511,-0.020920683174335864,0.2,2200,0.0579538,0.010186858217639382,-0.08967301994562149,-0.30747152799740435,0.24296875,0.7749177,0.0003
884,222,454656,514,-0.013995912925020093,0.2,2210,0.06252705,0.011167374133947305,-0.010782046243548393,-0.3582552596926689,0.248828125,0.659199,0.0003
884,223,456704,516,-0.01749039703863673,0.2,2220,0.04606487,0.008005687129480066,-0.015219376422464848,-0.27449550135061146,0.229833984375,0.84937274,0.0003
884,224,458752,518,-0.015861210101866162,0.2,2230,0.10448984,0.01293710044992622,0.05280383676290512,-0.3618452307302505,0.321630859375,0.5624596,0.0003
884,225,460800,520,-0.03522269535169471,0.2,2240,0.0650724,0.01408310019178316,-0.03855286166071892,-0.26770862340927126,0.22353515625,0.7143673,0.0003
884,226,462848,522,0.021985258418135346,0.2,2250,0.18658389,0.004140116394046345,-0.02562849409878254,-0.30370727009139953,0.328662109375,0.8789743,0.0003
885,227,464896,525,-0.013952135608997196,0.2,2260,0.047576036,0.018986356479581447,-0.03878093510866165,-0.47297127414494755,0.304150390625,0.5740266,0.0003
885,228,466944,527,-0.024540499511931557,0.2,2270,0.046739876,0.011771253639744827,-0.01560470275580883,-0.3713591914623976,0.257421875,0.7974433,0.0003
885,229,468992,529,-0.052116598331485874,0.2,2280,0.16827093,0.0034806605777703225,-0.04168787598609924,-0.4729598724748939,0.42412109375,0.8971985,0.0003
885,230,471040,531,-0.019408444817236158,0.2,2290,0.047607034,0.0282468883524416,-0.034836795181035995,-0.8011850118637085,0.312060546875,0.24303955,0.0003
885,231,473088,534,-0.01438581105467165,0.2,2300,0.019365475,0.08242083181394264,-0.022609487175941467,-0.7955862248316408,0.2509765625,0.0031099916,0.0003
886,232,475136,536,-0.02418138701323187,0.2,2310,0.023606915,0.10806393106468022,0.035550735890865326,-0.6425071895122528,0.283544921875,0.27121866,0.0003
886,233,477184,538,-0.032990858318225944,0.2,2320,0.029647244,0.04737463172641583,0.05694101005792618,-0.5215908136218786,0.33134765625,0.5466846,0.0003
886,234,479232,540,-0.03276469944103155,0.2,2330,0.070227206,0.01896516610577237,-0.01782127283513546,-0.3439555306453258,0.297021484375,0.7163348,0.0003
886,235,481280,542,-0.015297358518000691,0.2,2340,0.036156327,0.006464707005216041,-0.006112323608249426,-0.21223541223444045,0.0837890625,0.85605496,0.0003
886,236,483328,545,0.050909974466776475,0.2,2350,0.05306865,0.008271916920057265,0.07017749547958374,-0.19162271190434693,0.110302734375,0.78665715,0.0003
886,237,485376,547,-0.031617997639114034,0.2,2360,0.09994483,0.013744190490979236,-0.05239702761173248,-0.20482790416572244,0.217138671875,0.7316369,0.0003
886,238,487424,549,-0.02484344442782458,0.2,2370,0.10327486,0.006769852303841617,-0.017873557284474373,-0.19534860651474445,0.20966796875,0.84541607,0.0003
887,239,489472,551,0.03426425269572064,0.2,2380,0.15211836,0.0036165645944493006,-0.07501764595508575,-0.29619851550087334,0.28603515625,0.92172116,0.0003
887,240,491520,553,-0.022967888350831345,0.2,2390,0.06774029,0.023126977556967177,0.018330859020352364,-0.5671907426789403,0.3224609375,0.3118639,0.0003
887,241,493568,556,-0.024697826339979655,0.2,2400,0.035866216,0.027920414082473144,-0.043845754116773605,-0.46434957459568976,0.277294921875,0.61980397,0.0003
887,242,495616,558,-0.027158268605126067,0.2,2410,0.033956688,0.023425229827989825,-0.01453694049268961,-0.4128940898925066,0.2529296875,0.7178129,0.0003
887,243,497664,560,-0.006730938100372441,0.2,2420,0.11896957,0.016034295704594116,0.05385896936058998,-0.3290946476627141,0.2900390625,0.6751671,0.0003
887,244,499712,562,-0.01691527216025861,0.2,2430,0.061023857,0.023856571697979233,-0.045006874948740005,-0.40297643197700383,0.28427734375,0.37954062,0.0003
887,245,501760,565,-0.028776905655104202,0.2,2440,0.04444105,0.025698137131985276,-0.06086597591638565,-0.35070566842332485,0.30361328125,0.6777369,0.0003
