time/time_elapsed,time/fps,time/iterations,time/total_timesteps,train/policy_gradient_loss,train/explained_variance,train/clip_fraction,train/n_updates,train/loss,train/clip_range,train/approx_kl,train/value_loss,train/entropy_loss,train/learning_rate
1,1600,1,2048,,,,,,,,,,
3,1078,2,4096,-0.019898800697410478,0.14327067,0.1744140625,10,-0.01898667961359024,0.2,0.013259702,0.035734552337089553,-1.7799403741955757,0.0003
6,978,3,6144,-0.020902897263295018,0.06160164,0.205126953125,20,-0.018357302993535995,0.2,0.010534788,0.051227442530216646,-1.7601630948483944,0.0003
8,914,4,8192,-0.015900994087132858,0.14552754,0.1359375,30,-0.026047423481941223,0.2,0.0112233395,0.0413858230196638,-1.7349242854863405,0.0003
11,898,5,10240,-0.021296589348639827,0.097761095,0.184130859375,40,-0.017129624262452126,0.2,0.014371207,0.023593388652079737,-1.7081343639642,0.0003
13,893,6,12288,-0.019399743030953688,-0.010861397,0.1666015625,50,-0.026846149936318398,0.2,0.013287974,0.01690931487682974,-1.651843798533082,0.0003
16,878,7,14336,-0.013547841057152255,0.021713436,0.1580078125,60,0.005946084391325712,0.2,0.015421383,0.03120243031735299,-1.5899171270430088,0.0003
18,876,8,16384,-0.015454490047704893,-0.021343589,0.154345703125,70,-0.03139276057481766,0.2,0.0126298275,0.009263601334532722,-1.5080968655645848,0.0003
21,870,9,18432,-0.015958808505820342,0.122702,0.147607421875,80,-0.06717129051685333,0.2,0.012811744,0.007039513247582363,-1.4169976733624936,0.0003
23,864,10,20480,-0.021286356890050227,0.25693023,0.236572265625,90,-0.03500138968229294,0.2,0.01957255,0.00718488874626928,-1.335207875445485,0.0003
26,863,11,22528,-0.007219027545943391,0.2693975,0.069189453125,100,-0.0142395393922925,0.2,0.007366406,0.005924822674569441,-1.2411069203168155,0.0003
28,862,12,24576,-0.011087082570884376,0.4685123,0.09931640625,110,-0.02196817845106125,0.2,0.008334791,0.006380054020701209,-1.1469600547105074,0.0003
31,855,13,26624,-0.014274273987393827,0.13566297,0.171337890625,120,-0.03673463687300682,0.2,0.014778109,0.006217333940730896,-1.1654814694076776,0.0003
33,856,14,28672,-0.009624551847809925,0.60310626,0.1009765625,130,-0.017140502110123634,0.2,0.01304163,0.005953271912585478,-1.138750321418047,0.0003
35,857,15,30720,-0.007533906926983036,0.45862132,0.091748046875,140,-0.04606087878346443,0.2,0.010903798,0.005886922688659979,-1.0800409296527504,0.0003
38,856,16,32768,-0.01323521299782442,0.48871142,0.158251953125,150,-0.004042726941406727,0.2,0.018108834,0.00414440791355446,-1.1728610623627902,0.0003
40,854,17,34816,-0.014219623421377036,0.72821,0.1533203125,160,-0.03434382379055023,0.2,0.013844097,0.006400635452882853,-1.049430795572698,0.0003
43,854,18,36864,-0.009589787476579658,0.69389564,0.160009765625,170,-0.02439657226204872,0.2,0.01090743,0.008303549721313174,-0.9293889643624424,0.0003
45,854,19,38912,-0.011219335900386795,0.45874757,0.154541015625,180,-0.01072889007627964,0.2,0.013859455,0.006936114055861253,-1.0556338403373957,0.0003
48,852,20,40960,-0.01621292119816644,0.5964267,0.153759765625,190,-0.01833328977227211,0.2,0.016989429,0.008317398857616353,-0.922821800597012,0.0003
50,851,21,43008,-0.009953628995572218,0.79141295,0.16298828125,200,-0.029927177354693413,0.2,0.011404422,0.007243210338492645,-0.9192625975236297,0.0003
52,850,22,45056,-0.004847620782675222,0.7631151,0.08974609375,210,-0.01161283440887928,0.2,0.00687028,0.008851888739445712,-0.831916974671185,0.0003
55,850,23,47104,-0.019796652166405693,0.53479767,0.194873046875,220,-0.04936174303293228,0.2,0.01731567,0.007881384105712642,-0.8793773837387562,0.0003
57,850,24,49152,-0.019268294381618034,0.6711893,0.157763671875,230,-0.053950097411870956,0.2,0.011889426,0.009637587663019077,-0.80371871329844,0.0003
60,849,25,51200,-0.003379871121433098,0.84033465,0.11064453125,240,-0.016759373247623444,0.2,0.011954938,0.008539172165910713,-0.7950018351897598,0.0003
62,849,26,53248,-0.010508341356762685,0.8530829,0.172509765625,250,-0.008990300819277763,0.2,0.027902262,0.005235614942648681,-0.9433494383469224,0.0003
65,848,27,55296,-0.012285525703191524,0.741322,0.198486328125,260,-0.0606532096862793,0.2,0.012256426,0.005300198394979816,-0.9047753861173987,0.0003
67,847,28,57344,-0.006601096550002694,0.86730695,0.1337890625,270,0.011172400787472725,0.2,0.013856275,0.006462249753531069,-0.8132582288235426,0.0003
70,848,29,59392,-0.02110077004908817,0.8217785,0.207861328125,280,-0.03444187343120575,0.2,0.040057488,0.0075621633761329575,-0.6468296205624938,0.0003
72,847,30,61440,-0.009274966712109745,0.60552907,0.123779296875,290,-0.03980926424264908,0.2,0.034491226,0.0036651798774983034,-0.7306058496236801,0.0003
74,847,31,63488,-0.01664126247196691,0.87626296,0.174462890625,300,-0.04285874962806702,0.2,0.02981341,0.007443268178030848,-0.6778848307207227,0.0003
77,847,32,65536,-0.010064449523633811,0.78894514,0.132861328125,310,-0.028907131403684616,0.2,0.020554323,0.01024778011633316,-0.5782489411532878,0.0003
79,847,33,67584,-0.00811153131799074,0.74298674,0.132861328125,320,-0.026275597512722015,0.2,0.009683375,0.00636515153964865,-0.7298913756385446,0.0003
82,847,34,69632,-0.008717501928913407,0.826285,0.145361328125,330,-0.021790774539113045,0.2,0.01473631,0.00938087716640439,-0.7376087719574571,0.0003
84,846,35,71680,-0.008359595650836127,0.84966666,0.128759765625,340,-0.03677872195839882,0.2,0.013830112,0.007874588044069241,-0.718619698472321,0.0003
87,846,36,73728,-0.005933187688060571,0.7359532,0.140185546875,350,-0.03500755876302719,0.2,0.017713668,0.006711004767566919,-0.7463201766833663,0.0003
89,846,37,75776,-0.00718382224731613,0.6914105,0.173095703125,360,-0.028384514153003693,0.2,0.015598885,0.005346611871209462,-0.8203807894140482,0.0003
91,847,38,77824,-0.008162240489036776,0.83814204,0.1357421875,370,-0.021911388263106346,0.2,0.011466006,0.008400605061615352,-0.7500387018546462,0.0003
94,846,39,79872,-0.013286883295222651,0.74352425,0.182177734375,380,-0.027306271716952324,0.2,0.015435195,0.007938843143347186,-0.7042410280555487,0.0003
96,846,40,81920,-0.010108627454610542,0.8643897,0.159521484375,390,-0.021060936152935028,0.2,0.018912006,0.008716271608136594,-0.7052027225494385,0.0003
99,846,41,83968,-0.009068505326285958,0.4819904,0.164013671875,400,-0.008458316326141357,0.2,0.022062354,0.01117822533560684,-0.5969440041109919,0.0003
101,846,42,86016,-0.00624786920088809,0.915007,0.1544921875,410,-0.002384328516200185,0.2,0.017357005,0.0079340265787323,-0.66552391089499,0.0003
104,845,43,88064,-0.016964006397756748,0.9397083,0.206591796875,420,-0.03283378481864929,0.2,0.024412364,0.006478857291222084,-0.6696193933486938,0.0003
106,845,44,90112,-0.007825101249909493,0.90019864,0.13876953125,430,-0.03589431196451187,0.2,0.015724216,0.007809032835939434,-0.5692044253461063,0.0003
109,845,45,92160,-0.017050488298991695,0.8628242,0.22568359375,440,-0.06777266412973404,0.2,0.025707152,0.00808668919489719,-0.6355523584410548,0.0003
111,845,46,94208,-0.02859326836478431,0.90168864,0.257275390625,450,-0.05508589744567871,0.2,0.030132905,0.006538341221312294,-0.6522007744759322,0.0003
113,844,47,96256,-0.022162766817200464,0.83419603,0.253515625,460,-0.08259080350399017,0.2,0.05832989,0.008799091953551396,-0.5387347634881735,0.0003
116,844,48,98304,-0.008498263142246287,0.8791233,0.154541015625,470,0.002541561610996723,0.2,0.041609675,0.00703972718474688,-0.5506144484505058,0.0003
118,844,49,100352,-0.006670694010972511,0.932026,0.177685546875,480,-0.02498740702867508,0.2,0.048836343,0.007512227592087584,-0.5101816941983998,0.0003
121,844,50,102400,-0.02899880510667572,0.7388768,0.260693359375,490,-0.010382314212620258,0.2,0.03317063,0.009458240617823322,-0.6145843914709985,0.0003
123,844,51,104448,-0.005669164688151795,0.62561727,0.2103515625,500,-0.021605372428894043,0.2,0.20272177,0.006831706636876334,-0.5334499267861247,0.0003
126,844,52,106496,-0.012832167465239764,0.4678167,0.2314453125,510,-0.05592600256204605,0.2,0.036030594,0.011114143399754538,-0.5524703955277801,0.0003
128,844,53,108544,-0.012312615475821076,0.66127586,0.20048828125,520,-0.04986018314957619,0.2,0.024495758,0.012595580611377954,-0.6393096424639225,0.0003
131,844,54,110592,-0.012996762611874147,0.6856972,0.21875,530,-0.01827666535973549,0.2,0.02011496,0.011146277798980008,-0.5734534359537065,0.0003
133,844,55,112640,-0.010519616857345681,0.8421625,0.184912109375,540,-0.026028936728835106,0.2,0.014797723,0.008015110420819838,-0.6207484852522611,0.0003
135,843,56,114688,-0.02209900166344596,0.7731207,0.232373046875,550,-0.06616557389497757,0.2,0.058347017,0.01096053755027242,-0.5108117180876434,0.0003
138,843,57,116736,-0.016496627034211998,0.7757355,0.190283203125,560,0.0030206693336367607,0.2,0.037431408,0.009384218232298736,-0.5839148450642824,0.0003
140,843,58,118784,-0.010002210547099821,0.8260577,0.18271484375,570,-0.041750095784664154,0.2,0.014656523,0.00849601610098034,-0.607372609898448,0.0003
143,843,59,120832,-0.014794844672724138,0.63072,0.231396484375,580,-0.056838762015104294,0.2,0.034406446,0.01195791137870401,-0.556565449386835,0.0003
145,843,60,122880,-0.011856630007969216,0.7710214,0.175146484375,590,0.00887448713183403,0.2,0.0228343,0.008169007425021847,-0.587255684286356,0.0003
148,843,61,124928,-0.011803822990623302,0.79177,0.16259765625,600,-0.03215678781270981,0.2,0.014912932,0.010704152002290357,-0.5582154669798911,0.0003
150,842,62,126976,-0.00956232572789304,0.8859031,0.178564453125,610,-0.014840150251984596,0.2,0.018907554,0.012600566451146733,-0.505531266424805,0.0003
153,842,63,129024,-0.01573168225004338,0.9165011,0.2294921875,620,-0.011001992039382458,0.2,0.031181017,0.006778985079290578,-0.5893159680999815,0.0003
155,842,64,131072,-0.008287012232176493,0.8578218,0.154345703125,630,-0.009951073676347733,0.2,0.01979009,0.008694821382232477,-0.5477342484518886,0.0003
157,842,65,133120,-0.019133428011264185,0.82921624,0.21640625,640,-0.03568337857723236,0.2,0.07091766,0.007692077811225317,-0.513523424230516,0.0003
160,842,66,135168,-0.017069184775755274,0.6965476,0.280517578125,650,-0.0787612572312355,0.2,0.09602976,0.04483816357678734,-0.8653654053807258,0.0003
162,842,67,137216,-0.02176494310115231,0.7333194,0.28134765625,660,-0.041449420154094696,0.2,0.058079157,0.0328917473758338,-0.8519576333463192,0.0003
165,842,68,139264,-0.02083500717926654,0.9550918,0.24609375,670,-0.01171911135315895,0.2,0.023266952,0.01268238937773276,-0.8421103039756417,0.0003
167,842,69,141312,-0.041142221311747565,0.21129584,0.34931640625,680,-0.05098370090126991,0.2,0.054950554,0.011367054832226131,-0.5076384383253754,0.0003
170,842,70,143360,-0.010335839717299677,0.953117,0.214208984375,690,-0.03567216172814369,0.2,0.0340187,0.020377185140387156,-0.661333841457963,0.0003
172,842,71,145408,-0.024981576060235967,0.9499459,0.322705078125,700,0.1222958192229271,0.2,0.068579644,0.011467958490538877,-0.6700513393618166,0.0003
175,841,72,147456,-0.009759574396593963,0.9656228,0.2158203125,710,-0.016257014125585556,0.2,0.036897615,0.010260342256515287,-0.5827520506456494,0.0003
177,842,73,149504,-0.030604403097822797,0.788192,0.289111328125,720,-0.054202694445848465,0.2,0.067579955,0.01345199620409403,-0.7490115022286773,0.0003
180,841,74,151552,-0.027488308810279704,0.9477897,0.243505859375,730,-0.03674968704581261,0.2,0.029430255,0.010169464349746703,-0.7429724168032408,0.0003
182,842,75,153600,-0.02226462875623838,0.85579926,0.24658203125,740,-0.031152896583080292,0.2,0.031347275,0.010421741555910557,-0.5291968267410994,0.0003
184,841,76,155648,-0.010825519611535129,0.78335583,0.19140625,750,-0.021427810192108154,0.2,0.028048106,0.01603866846708115,-0.6538878727704287,0.0003
187,841,77,157696,-0.01997332081082277,0.9517781,0.2484375,760,-0.05002526193857193,0.2,0.024523292,0.007017731109226588,-0.8859082223847509,0.0003
189,841,78,159744,-0.012394619185943156,0.9154759,0.179052734375,770,-0.020927362143993378,0.2,0.034377567,0.011976159023470245,-0.7237863959744573,0.0003
192,841,79,161792,-0.025170911155873908,0.9690118,0.28349609375,780,-0.04639948159456253,0.2,0.039572813,0.007386069158383179,-0.8721570646390319,0.0003
194,841,80,163840,-0.020350965080433527,0.8196503,0.2267578125,790,-0.01388569176197052,0.2,0.030206297,0.011031589967024047,-0.5398829412646592,0.0003
197,841,81,165888,-0.011821999459061771,0.43265915,0.220654296875,800,-0.06599915027618408,0.2,0.05490467,0.008211838324496058,-0.5650235439650715,0.0003
199,841,82,167936,-0.0173160633596126,0.95013165,0.24404296875,810,0.030500805005431175,0.2,0.023428487,0.006523283028946026,-0.9919826241210103,0.0003
202,841,83,169984,-0.013133172063680832,0.15388769,0.2298828125,820,-0.055634405463933945,0.2,0.05359687,0.055587176172412,-0.7071523293852806,0.0003
204,841,84,172032,-0.03755494864599314,0.8812907,0.28642578125,830,-0.06425125896930695,0.2,0.038272962,0.005283293085813057,-0.9517630286514759,0.0003
206,841,85,174080,-0.021955585488467478,0.9414688,0.2287109375,840,-0.0679895207285881,0.2,0.029741127,0.007621376277529635,-0.7806037314236164,0.0003
209,841,86,176128,-0.012983060473925435,0.9349567,0.18955078125,850,-0.03516364470124245,0.2,0.0278272,0.008146976905118208,-0.7145813249051571,0.0003
211,840,87,178176,-0.014953700722253415,0.8945282,0.200634765625,860,-0.0320216603577137,0.2,0.049429685,0.007752639235695824,-0.6088137256912887,0.0003
214,840,88,180224,-0.003427009422739502,0.96471447,0.158544921875,870,0.009464002214372158,0.2,0.014229449,0.008937100936600472,-0.7245820250362158,0.0003
216,840,89,182272,-0.0040027241571806375,0.9814369,0.29736328125,880,-0.015080498531460762,0.2,0.0852359,0.004425891086430056,-0.7275506880134344,0.0003
219,840,90,184320,-0.02659674009628361,0.96217626,0.233154296875,890,-0.01385508757084608,0.2,0.030540343,0.007860452363820514,-0.820273532345891,0.0003
221,840,91,186368,-0.012371865712339059,0.9488904,0.158154296875,900,-0.05141623690724373,0.2,0.029272093,0.012734575185459108,-0.6365303555503488,0.0003
224,840,92,188416,-0.003302652115235105,0.89887846,0.147900390625,910,-0.011715970002114773,0.2,0.019128196,0.013682739513751586,-0.5517973338253797,0.0003
226,840,93,190464,-0.012509631813736632,0.79897404,0.185986328125,920,-0.04971088469028473,0.2,0.036132127,0.014586798357777297,-0.5627454880625009,0.0003
229,840,94,192512,-0.022800065313640518,0.9377913,0.247509765625,930,-0.005828490946441889,0.2,0.030388566,0.010280771537509281,-0.6053136431612074,0.0003
231,839,95,194560,-0.011926544830203056,0.9816235,0.222216796875,940,-0.05766548961400986,0.2,0.019252855,0.004782541551685426,-0.8205034803599119,0.0003
233,840,96,196608,-0.02415174784400733,0.9476169,0.245068359375,950,-0.036467138677835464,0.2,0.040638752,0.005946257108007558,-0.7270694581791759,0.0003
236,840,97,198656,-0.013131952199910302,0.9538996,0.20751953125,960,-0.029621534049510956,0.2,0.022837162,0.007112393069837708,-0.626810640655458,0.0003
238,840,98,200704,-0.023418063926510514,0.976717,0.2080078125,970,-0.06289137154817581,0.2,0.019006107,0.005700843804515898,-0.8007884919643402,0.0003
241,840,99,202752,-0.007927643982111477,0.9599477,0.2072265625,980,0.012084906920790672,0.2,0.04679458,0.009192935161991045,-0.5920284643769265,0.0003
243,840,100,204800,-0.004292777032242156,0.9348802,0.168603515625,990,-0.030999939888715744,0.2,0.020522345,0.007726541737793013,-0.661440497264266,0.0003
246,840,101,206848,-0.022028250052244402,0.79809827,0.205029296875,1000,-0.013607207685709,0.2,0.03106548,0.012570722782402299,-0.5240609092637897,0.0003
248,839,102,208896,-0.013759348237363156,0.9616305,0.183837890625,1010,-0.035411033779382706,0.2,0.025988441,0.009970649948809297,-0.645797822624445,0.0003
251,840,103,210944,-0.018951885426940863,0.95170784,0.215576171875,1020,-0.028739430010318756,0.2,0.037562333,0.008278924955811817,-0.593057900108397,0.0003
253,839,104,212992,-0.009314384557364974,0.96501786,0.19560546875,1030,-0.03947308287024498,0.2,0.025960553,0.004618161445250735,-0.7754957713186741,0.0003
256,839,105,215040,-0.006114728243846912,0.9564406,0.172705078125,1040,-0.039096396416425705,0.2,0.017307505,0.005785702263528947,-0.7186321018263697,0.0003
258,839,106,217088,-0.01007989505014848,0.8555457,0.291259765625,1050,-0.07039767503738403,0.2,0.089933656,0.0121603554522153,-0.5495716323144734,0.0003
261,839,107,219136,0.023665233903739136,0.4252311,0.220751953125,1060,0.07514478266239166,0.2,0.10878106,0.011950430621800479,-0.45110271954908965,0.0003
263,839,108,221184,-0.015476739394216565,0.9619511,0.194287109375,1070,-0.02397501841187477,0.2,0.020316318,0.008722948546346743,-0.598909717425704,0.0003
265,839,109,223232,-0.007087974897876848,0.93502235,0.182080078125,1080,0.018655337393283844,0.2,0.025399264,0.006839183935517213,-0.6328378902748227,0.0003
268,839,110,225280,-0.029881446024228354,0.8267378,0.22822265625,1090,-0.02980317361652851,0.2,0.028479313,0.015236279013333843,-0.4686735448427498,0.0003
270,839,111,227328,-0.016691023176827004,0.92147815,0.21201171875,1100,0.008422729559242725,0.2,0.044751327,0.013401432563841808,-0.5908622073009611,0.0003
273,839,112,229376,-0.008805841299181338,0.9102659,0.27421875,1110,-0.06068626418709755,0.2,0.074956015,0.006535238827200374,-0.6676181580871343,0.0003
275,839,113,231424,-0.04304988376825349,0.79453546,0.30615234375,1120,-0.00018359022215008736,0.2,0.048697673,0.013576784206088632,-0.5509851039387286,0.0003
278,838,114,233472,-0.02189828637347091,0.79849553,0.23037109375,1130,-0.011831787414848804,0.2,0.03614129,0.013807978961267509,-0.5703456351533532,0.0003
281,837,115,235520,-0.008671784719626884,0.8950275,0.182177734375,1140,-0.01580938883125782,0.2,0.020597788,0.011547647300176322,-0.5532858579419553,0.0003
283,837,116,237568,-0.006322344635555055,0.9073484,0.147216796875,1150,0.014030415564775467,0.2,0.032127038,0.01345951852563303,-0.48338206484913826,0.0003
286,837,117,239616,-0.0374433853168739,-0.29203236,0.390966796875,1160,-0.09044793993234634,0.2,0.11699574,0.007232858650240814,-0.42088845507241784,0.0003
288,837,118,241664,-0.02222577569045825,0.77740175,0.2447265625,1170,-0.04126487672328949,0.2,0.04200875,0.013400921283755451,-0.4981016330420971,0.0003
290,837,119,243712,-0.01583866409782786,0.7499109,0.23564453125,1180,-0.06722020357847214,0.2,0.03926354,0.010451808127982076,-0.5070767216384411,0.0003
293,837,120,245760,-0.013370515624410472,0.8847071,0.336669921875,1190,-0.04955450817942619,0.2,0.107911885,0.008693377603776753,-0.531307975947857,0.0003
295,838,121,247808,-0.012155448354315012,0.89248097,0.218310546875,1200,-0.02259761467576027,0.2,0.02359784,0.008701445572660305,-0.6902608314529062,0.0003
298,838,122,249856,-0.017058200687461066,0.8493676,0.289794921875,1210,-0.0792464166879654,0.2,0.042970516,0.006945745433040429,-0.6845026714727283,0.0003
300,838,123,251904,-0.00717552774149226,0.8619358,0.168798828125,1220,-0.015807632356882095,0.2,0.029220957,0.010198707757808734,-0.5423704558983445,0.0003
302,838,124,253952,-0.026754244323819877,0.89324576,0.285546875,1230,-0.05190879479050636,0.2,0.038790487,0.009628486390283797,-0.7902868753299117,0.0003
305,838,125,256000,-0.01935442421672633,0.9293243,0.236962890625,1240,-0.039329905062913895,0.2,0.041517362,0.011430855478101876,-0.6169365742243826,0.0003
307,838,126,258048,-0.009227254123834428,0.97398895,0.189599609375,1250,-0.03317524492740631,0.2,0.021320852,0.006305745989084244,-0.8719197249040007,0.0003
310,838,127,260096,-0.02199106458283495,0.8442764,0.22197265625,1260,-0.02567877061665058,0.2,0.06423941,0.011578286241274327,-0.46588137755170467,0.0003
312,838,128,262144,-0.012038715000380762,0.9619435,0.196435546875,1270,-0.041010912507772446,0.2,0.029553195,0.009215700798085891,-0.7925208587199449,0.0003
314,838,129,264192,-0.02941585888911504,0.38949728,0.281103515625,1280,-0.038867074996232986,0.2,0.04132023,0.012929032542160712,-0.5488291162997484,0.0003
317,838,130,266240,-0.017620193885522894,0.2858892,0.1951171875,1290,-0.016676077619194984,0.2,0.03264819,0.016714047171990386,-0.43099949331954124,0.0003
319,838,131,268288,-0.015819885933888146,0.95951223,0.22861328125,1300,-0.056497227400541306,0.2,0.026296085,0.007179870654363185,-0.7502497989684344,0.0003
322,838,132,270336,-0.011061474178859498,0.93382174,0.18037109375,1310,-0.03733084350824356,0.2,0.024522532,0.013245114477467724,-0.6566269190050662,0.0003
324,838,133,272384,-0.0074630223269196,0.9343071,0.1720703125,1320,-0.028979022055864334,0.2,0.019238116,0.00988913335459074,-0.5725680547766387,0.0003
327,838,134,274432,-0.02181274620379554,0.8415032,0.3314453125,1330,-0.007283216342329979,0.2,0.076861635,0.009170024666673271,-0.5059018642641604,0.0003
329,838,135,276480,-0.008928772310900968,0.97450614,0.22744140625,1340,-0.022922109812498093,0.2,0.024351437,0.007614855258725584,-0.9380068501457572,0.0003
332,838,136,278528,-0.008646626735571771,0.8224255,0.287646484375,1350,-0.06480949372053146,0.2,0.06705607,0.006455046831979417,-0.7150431314483285,0.0003
334,838,137,280576,-0.01699200533912517,0.6389694,0.206103515625,1360,-0.014633158221840858,0.2,0.053038634,0.014308193491888232,-0.45485155284404755,0.0003
336,838,138,282624,-0.014062490341893863,0.9698146,0.237158203125,1370,-0.04138649255037308,0.2,0.056014545,0.009949322580359877,-0.6423408087342978,0.0003
339,838,139,284672,-0.011438119187369011,0.7129636,0.20830078125,1380,-0.02644793502986431,0.2,0.03863681,0.012064212597033474,-0.5002417045645415,0.0003
341,839,140,286720,-0.06575198343489319,0.63496524,0.4353515625,1390,-0.09429013729095459,0.2,0.10068466,0.0082846920719021,-0.6532727347686886,0.0003
344,839,141,288768,-0.012581152404891327,0.9452253,0.178857421875,1400,-0.023606613278388977,0.2,0.037670292,0.012598471241653897,-0.5497683081775904,0.0003
346,839,142,290816,-0.019109069695696236,0.6787958,0.27294921875,1410,-0.06344643235206604,0.2,0.0708895,0.00987142929516267,-0.4409220339730382,0.0003
348,839,143,292864,-0.004002381520695053,0.9621062,0.158056640625,1420,-0.0014793947339057922,0.2,0.020154193,0.011105796125775669,-0.5713234283961356,0.0003
351,839,144,294912,-0.010296980274142697,0.6706591,0.166455078125,1430,-0.0176746416836977,0.2,0.027653256,0.015794203284895048,-0.42864422146230935,0.0003
353,839,145,296960,-0.02366400176542811,0.8428322,0.290625,1440,-0.09451204538345337,0.2,0.12120801,0.006961481388134416,-0.5789890916086733,0.0003
356,839,146,299008,-0.018551527336239815,0.20262212,0.153369140625,1450,-0.012854209169745445,0.2,0.032274004,0.020982300833566114,-0.29622861091047525,0.0003
358,839,147,301056,-0.04573363082308788,0.7031974,0.386962890625,1460,0.002197619527578354,0.2,0.037322704,0.027608048290130683,-0.5361194022931158,0.0003
361,839,148,303104,-0.010616016641142778,0.8621111,0.295947265625,1470,-0.06023411080241203,0.2,0.054768592,0.025677229210850784,-0.7944937825202942,0.0003
363,839,149,305152,-0.011881187569815665,0.96612483,0.2134765625,1480,-0.05445210263133049,0.2,0.02726191,0.015979434926703107,-0.8070196695625782,0.0003
365,839,150,307200,-0.0248354352399474,0.944586,0.26845703125,1490,-0.04677189886569977,0.2,0.061180465,0.020579401557915843,-0.6536307381466031,0.0003
368,839,151,309248,-0.043867867105291225,0.9472395,0.286865234375,1500,-0.06681275367736816,0.2,0.03703784,0.00980649221673957,-0.6358079533092678,0.0003
370,839,152,311296,-0.02223936563532334,0.98344505,0.24052734375,1510,-0.03602585941553116,0.2,0.02622225,0.009507748238684144,-1.002346182614565,0.0003
373,839,153,313344,-0.026285138723324053,0.9519211,0.311572265625,1520,-0.056378886103630066,0.2,0.047479946,0.010226927521580364,-0.8074641738086938,0.0003
375,839,154,315392,-0.01628169416071614,0.88260865,0.166162109375,1530,-0.0368301123380661,0.2,0.033041082,0.009877454457455314,-0.5598257765173912,0.0003
378,839,155,317440,-0.0422753704508068,0.87256336,0.338818359375,1540,-0.034014612436294556,0.2,0.0532761,0.013353649292548652,-0.49812864102423193,0.0003
380,839,156,319488,-0.015226855681976303,0.93903106,0.245166015625,1550,-0.020077794790267944,0.2,0.043317664,0.011228495695831953,-0.7595376132056118,0.0003
382,839,157,321536,-0.009566239640116691,0.9160058,0.18974609375,1560,-0.006514858454465866,0.2,0.021516576,0.011867679178249092,-0.735692341811955,0.0003
385,839,158,323584,-0.01065777291660197,0.89885074,0.23359375,1570,-0.011996952816843987,0.2,0.034078907,0.0070673284062650055,-0.717251629754901,0.0003
387,839,159,325632,-0.03661133456771495,0.71879137,0.272998046875,1580,-0.06406670063734055,0.2,0.09473638,0.01985855026578065,-0.5579694868065417,0.0003
390,839,160,327680,-0.00847163807193283,0.780528,0.225146484375,1590,-0.05406534671783447,0.2,0.05660758,0.019254719687160103,-0.468681457452476,0.0003
392,840,161,329728,-0.001984926358272787,0.7982486,0.18349609375,1600,0.0029097890947014093,0.2,0.028098054,0.015164285377250054,-0.39077616622671485,0.0003
394,840,162,331776,-0.006235431929962942,0.9430665,0.191357421875,1610,-0.019761044532060623,0.2,0.027147174,0.01085956708266167,-0.573510087840259,0.0003
397,840,163,333824,-0.015107285440899431,0.34582663,0.20703125,1620,-0.04814992472529411,0.2,0.044422597,0.02388870272843633,-0.4441620086785406,0.0003
399,840,164,335872,-0.012082140253914986,0.9525235,0.248876953125,1630,-0.05454171076416969,0.2,0.04303959,0.01555000968364766,-0.6612253395840526,0.0003
402,840,165,337920,-0.042462031671311705,0.8875904,0.282861328125,1640,-0.06842930614948273,0.2,0.039971042,0.012286318125552498,-0.6691867109388113,0.0003
404,840,166,339968,-0.018219671008409932,0.9132755,0.176220703125,1650,0.012136822566390038,0.2,0.032451108,0.012143161126004998,-0.40556891467422246,0.0003
407,840,167,342016,-0.033656416220765095,0.82231224,0.242822265625,1660,-0.04638870060443878,0.2,0.042664804,0.019951933098491283,-0.36292742351070045,0.0003
409,840,168,344064,-0.018660627343342638,0.5058961,0.26669921875,1670,-0.047016095370054245,0.2,0.054749206,0.012905066266830545,-0.42787409042939545,0.0003
411,840,169,346112,-0.005134675867157057,0.9673017,0.217724609375,1680,0.01421015989035368,0.2,0.01690299,0.008041800320643232,-0.8272245336323977,0.0003
414,840,170,348160,-0.04316432355844881,0.53100336,0.389404296875,1690,-0.08601455390453339,0.2,0.059279602,0.00784214554078062,-0.4667188118211925,0.0003
416,840,171,350208,-0.05276576830947306,0.45827335,0.306884765625,1700,-0.07016731798648834,0.2,0.045753144,0.024589162232587114,-0.3662498344667256,0.0003
419,840,172,352256,-0.0005410125479102135,0.9151546,0.384228515625,1710,0.018188826739788055,0.2,0.21401656,0.013438032273552381,-0.402905792510137,0.0003
421,840,173,354304,-0.023293533967807888,0.9835778,0.27646484375,1720,-0.07479707151651382,0.2,0.059607,0.007467631882173009,-0.5656899517402053,0.0003
424,840,174,356352,-0.01267282651970163,0.69801617,0.186572265625,1730,0.017147600650787354,0.2,0.035165288,0.009306571872730273,-0.35752233732491734,0.0003
426,840,175,358400,-0.009901856680517084,0.7584948,0.478076171875,1740,-0.09389349818229675,0.2,0.12370586,0.013945734852313763,-0.43555923164822163,0.0003
428,840,176,360448,-0.008513302971550729,0.7697793,0.30576171875,1750,-0.0869947299361229,0.2,0.1270631,0.010871486428368372,-0.3802450599614531,0.0003
431,840,177,362496,-0.023741570572019553,0.19333297,0.21630859375,1760,0.011311652138829231,0.2,0.028883139,0.01804610625258647,-0.3558040206320584,0.0003
433,840,178,364544,-0.025512995294411665,0.85796773,0.253369140625,1770,-0.042006827890872955,0.2,0.041738376,0.012779588243574835,-0.37389342617243526,0.0003
436,840,179,366592,-0.022494852695672307,0.95358604,0.304296875,1780,-0.06290160119533539,0.2,0.064095736,0.009059729959699326,-0.5009191274642945,0.0003
438,840,180,368640,-0.003944229149783496,0.94251823,0.20947265625,1790,-0.012733779847621918,0.2,0.030643648,0.0105844075922505,-0.5051906506530941,0.0003
440,840,181,370688,-0.012058303802041337,0.91387343,0.239990234375,1800,-0.03341234475374222,0.2,0.06640297,0.013346837022982071,-0.42711082147434354,0.0003
443,840,182,372736,-0.021930361875274685,0.95584774,0.21669921875,1810,-0.01615702174603939,0.2,0.035142906,0.01191001976840198,-0.406517346855253,0.0003
445,840,183,374784,-0.011436084768502042,0.743383,0.208935546875,1820,-0.039068542420864105,0.2,0.034133423,0.010993977354519301,-0.48264302043244245,0.0003
448,840,184,376832,-0.009069240202370566,0.4922052,0.211279296875,1830,-0.03332524374127388,0.2,0.034626767,0.010701569885713979,-0.4641972036100924,0.0003
450,840,185,378880,-0.012229010928422213,0.35747707,0.197900390625,1840,-0.042631715536117554,0.2,0.040571723,0.010862381437618751,-0.42434389516711235,0.0003
453,840,186,380928,-0.020987524138763546,0.95039725,0.299169921875,1850,-0.029787153005599976,0.2,0.0368507,0.0077232145020389,-0.6654839958995581,0.0003
455,840,187,382976,-0.014569141148240306,0.5311392,0.20791015625,1860,-0.030436869710683823,0.2,0.024990214,0.007735347752168309,-0.4513196422718465,0.0003
457,840,188,385024,0.006741785581107251,0.855772,0.40283203125,1870,-0.06525462120771408,0.2,0.118426815,0.012143321768962777,-0.3563481752295047,0.0003
460,840,189,387072,-0.00831842645420693,-0.14338136,0.27490234375,1880,-0.04259210452437401,0.2,0.11571227,0.023865045767161065,-0.34416568535380065,0.0003
462,840,190,389120,-0.023461223822960165,0.8611156,0.286328125,1890,-0.043963611125946045,0.2,0.057590522,0.012135825237783138,-0.5523387151770294,0.0003
465,841,191,391168,-0.014776727397111245,0.7768346,0.232373046875,1900,-6.152084097266197e-05,0.2,0.036027707,0.014795482356566936,-0.5171287551522254,0.0003
467,841,192,393216,-0.05602738957531983,0.8491646,0.3431640625,1910,-0.0832139253616333,0.2,0.046770643,0.0069806678911845665,-0.579331555776298,0.0003
469,841,193,395264,-0.017000132524117362,0.88559747,0.227734375,1920,-0.03242901340126991,0.2,0.037858896,0.010175373691890855,-0.4710502203553915,0.0003
472,841,194,397312,-0.013386938281473703,0.67736834,0.25107421875,1930,0.006857735104858875,0.2,0.024213009,0.008182462615513942,-0.6934885073453187,0.0003
474,841,195,399360,-0.008034442203643266,0.6927878,0.1880859375,1940,-0.023041583597660065,0.2,0.023791917,0.008699766967038159,-0.4921100467443466,0.0003
476,841,196,401408,-0.007973977939400356,0.9151803,0.134765625,1950,0.0016006836667656898,0.2,0.016395096,0.011985664955864195,-0.4293616771697998,0.0003
479,841,197,403456,-0.005121068301377818,-0.084498405,0.157568359375,1960,-0.029040994122624397,0.2,0.02253909,0.008343046520894858,-0.45942853912711146,0.0003
481,841,198,405504,-0.008903295891650486,0.79137164,0.215185546875,1970,-0.019547034054994583,0.2,0.027798792,0.009033565915888175,-0.5529409335926175,0.0003
484,841,199,407552,-0.04806104986637365,0.46647817,0.330615234375,1980,-0.07470317929983139,0.2,0.0636384,0.01470725186954951,-0.5587418994866311,0.0003
486,841,200,409600,-0.006896212321589701,0.7039715,0.257763671875,1990,-0.0534183606505394,0.2,0.06961003,0.014960439251444769,-0.5449662535451353,0.0003
489,841,201,411648,-0.0018110420322045683,0.5459465,0.1373046875,2000,-0.010114651173353195,0.2,0.019139774,0.010946910663915333,-0.4212575160898268,0.0003
491,841,202,413696,-0.017390728218015284,0.81396806,0.21455078125,2010,-0.050510913133621216,0.2,0.026918137,0.00978592621977441,-0.5780357260257005,0.0003
493,841,203,415744,-0.0083701594179729,0.8792405,0.2009765625,2020,-0.05244112014770508,0.2,0.0687164,0.00938114920281805,-0.6037633665837348,0.0003
496,841,204,417792,-0.006776157987769693,0.51735353,0.18525390625,2030,-0.03510405868291855,0.2,0.02708274,0.01963722728542052,-0.3893180570565164,0.0003
498,841,205,419840,-0.004424105559883174,0.94463265,0.1740234375,2040,-0.022277647629380226,0.2,0.023324687,0.008148468640138162,-0.7138785481452942,0.0003
501,841,206,421888,-0.01170414669177262,0.95862085,0.22880859375,2050,0.037322673946619034,0.2,0.035456657,0.008564164055860602,-0.635784000903368,0.0003
503,841,207,423936,-0.011599696693883743,0.9704086,0.20703125,2060,-0.053978677839040756,0.2,0.024773233,0.008258923902758397,-0.6520828451961279,0.0003
505,841,208,425984,-0.009248341168859042,0.2945881,0.11796875,2070,0.012259827926754951,0.2,0.016667627,0.011553378815006,-0.19909090735018253,0.0003
508,842,209,428032,-0.05239835973625304,0.70149314,0.273291015625,2080,-0.023930197581648827,0.2,0.09397932,0.013938129461894277,-0.34068593378178774,0.0003
510,842,210,430080,-0.029119616383104584,0.80956435,0.282275390625,2090,-0.03398270905017853,0.2,0.0726351,0.01184024125614087,-0.32464664657600223,0.0003
513,842,211,432128,-0.029787896884954534,0.9244387,0.286572265625,2100,-0.04348330944776535,0.2,0.07709753,0.011106716557696928,-0.3675161506514996,0.0003
515,842,212,434176,-0.017086940731678622,0.90224695,0.270166015625,2110,-0.0527159757912159,0.2,0.08786036,0.02303655001160223,-0.5262184959836305,0.0003
517,842,213,436224,-0.02121741586161079,0.6936993,0.281640625,2120,-0.05662338063120842,0.2,0.08187723,0.016527294863772114,-0.38460036367177963,0.0003
520,842,214,438272,-0.012597460851975485,0.9206212,0.249462890625,2130,-0.01840316876769066,0.2,0.032594986,0.011814419752045068,-0.6283463708125054,0.0003
522,842,215,440320,-0.02121843257918954,0.9128344,0.255224609375,2140,-0.07150246948003769,0.2,0.061192833,0.011587692200555466,-0.6690215068869293,0.0003
525,842,216,442368,-0.022464482205396052,0.9590033,0.300244140625,2150,-0.09194094687700272,0.2,0.060176715,0.008918949401413556,-0.8265100523829461,0.0003
527,842,217,444416,-0.01623035537922988,0.9434964,0.2271484375,2160,-0.01715932972729206,0.2,0.067219086,0.020123971889552193,-0.5503411516547203,0.0003
530,842,218,446464,-0.017928264636429957,0.3395934,0.236767578125,2170,-0.03472109138965607,0.2,0.048238628,0.011908466038585174,-0.4647825799882412,0.0003
532,842,219,448512,-0.04412071255792398,0.9249179,0.28779296875,2180,-0.04766764119267464,0.2,0.0748094,0.013584654465375934,-0.480648176651448,0.0003
534,842,220,450560,-0.04581645514263073,0.9234304,0.306591796875,2190,-0.07744693011045456,0.2,0.14141782,0.00768539814525866,-0.502637067437172,0.0003
537,842,221,452608,-0.007292532699648291,0.78105634,0.1703125,2200,0.002666618674993515,0.2,0.036563896,0.014376170178002213,-0.4086863877251744,0.0003
539,842,222,454656,-0.020987391500966623,0.9684873,0.284765625,2210,0.0839349552989006,0.2,0.04291258,0.007159410668100464,-0.8214535648003221,0.0003
542,842,223,456704,-0.01669191934779519,0.6693536,0.24453125,2220,-0.045802026987075806,0.2,0.03493668,0.014753103349357843,-0.6553091308102011,0.0003
544,842,224,458752,-0.016053468227619307,0.9613707,0.2251953125,2230,-0.01594260148704052,0.2,0.020104228,0.01043563372513745,-0.6902912501245737,0.0003
546,842,225,460800,-0.013232382691057865,0.95419705,0.22587890625,2240,0.16405050456523895,0.2,0.035872977,0.0059007425792515274,-0.6960068676620722,0.0003
549,842,226,462848,-0.01744483493093867,0.94493663,0.216259765625,2250,-0.02620232105255127,0.2,0.018210543,0.010967796979821287,-0.5532877006568014,0.0003
551,842,227,464896,-0.020108443425851875,0.96348375,0.321484375,2260,-0.06704802066087723,0.2,0.07346932,0.01055594592471607,-0.5929664826951921,0.0003
553,842,228,466944,-0.0031517364870524032,0.9722307,0.180078125,2270,-0.006286804098635912,0.2,0.03927724,0.014338742187828758,-0.5379379127174616,0.0003
556,842,229,468992,-0.008615091179672163,0.72925365,0.2123046875,2280,-0.06776538491249084,0.2,0.21711996,0.008990971782623092,-0.44288133839145305,0.0003
558,842,230,471040,-0.04683193994860631,0.64549994,0.343896484375,2290,-0.05515096336603165,0.2,0.0482935,0.022930207784520464,-0.33722296576015653,0.0003
561,842,231,473088,0.006827266205073101,0.9851786,0.20732421875,2300,-0.03304552286863327,0.2,0.061060492,0.004368764092578204,-0.6120252937078476,0.0003
563,842,232,475136,-0.013189260543731507,0.9263258,0.193212890625,2310,-0.043340764939785004,0.2,0.028037984,0.013134869020723272,-0.4965418095700443,0.0003
566,842,233,477184,-0.0015754340158309788,0.92425704,0.182861328125,2320,0.005588706582784653,0.2,0.032347225,0.011605873766529839,-0.5452918197959662,0.0003
568,842,234,479232,-0.028654529112100136,0.9687281,0.23115234375,2330,-0.02849416807293892,0.2,0.042082403,0.008936790464940714,-0.5014308492653072,0.0003
570,842,235,481280,-0.0087616029282799,0.77433604,0.171435546875,2340,-0.016969533637166023,0.2,0.036740497,0.01015257689432474,-0.4049566239118576,0.0003
573,843,236,483328,-0.062152041913941504,0.5265243,0.376708984375,2350,-0.08350448310375214,0.2,0.07324253,0.018283399676147383,-0.3770394002553076,0.0003
575,843,237,485376,-0.05767949406290427,0.10287839,0.31513671875,2360,-0.0766022801399231,0.2,0.0665526,0.011475044160033577,-0.37147790105082096,0.0003
578,843,238,487424,-0.008952702267561109,0.90396065,0.16748046875,2370,-0.026709161698818207,0.2,0.026929082,0.0133639339444926,-0.3341689631342888,0.0003
580,843,239,489472,-0.016519328230060637,0.9722166,0.199267578125,2380,0.037321314215660095,0.2,0.0537472,0.00848460146371508,-0.4850288737565279,0.0003
582,843,240,491520,-0.057536123879253866,0.3238545,0.4146484375,2390,0.47843894362449646,0.2,0.098541155,0.013293270698341075,-0.49947662800550463,0.0003
585,843,241,493568,-0.012556571725872346,0.9380745,0.23974609375,2400,-0.013159448280930519,0.2,0.056404416,0.009825541901227553,-0.4726663583889604,0.0003
587,843,242,495616,-0.017990012106020005,0.6681354,0.1994140625,2410,-0.0470508448779583,0.2,0.052871298,0.021754738909658046,-0.46325559383258225,0.0003
590,843,243,497664,-0.0063085107409278866,0.95747966,0.171044921875,2420,-0.02758069708943367,0.2,0.030202756,0.01168747034680564,-0.3975976161658764,0.0003
592,843,244,499712,-0.0206099322240334,0.94076294,0.255712890625,2430,-0.048359256237745285,0.2,0.048200615,0.011560529994312674,-0.71790971159935,0.0003
594,843,245,501760,-0.03934685716958484,0.8176513,0.335205078125,2440,-0.07646821439266205,0.2,0.040221456,0.007596856711461442,-0.7334939071908593,0.0003
